USE makibase;

ALTER TABLE Platillo
MODIFY column descripcion varchar(255),
ADD COLUMN categoria VARCHAR(100) AFTER descripcion,
ADD column imagen varchar(100) after categoria;

insert into categoria (idCategoria,nombre,descripcion) values 
 (1,"Abarrotes","Categoría para los productos de abarrotes."),
 (2,"Abarrotes de Importación","Categoría para los productos de abarrotes de importación."),
 (3,"Aderezos","Categoría para los productos de aderezos."),
 (4,"Carnes","Categoría para los productos de carnes."),
 (5,"Cervezas","Categoría para los productos de cerveza."),
 (6,"Congelados","Categoría para los productos congelados."),
 (7,"Frutas y Verduras","Categoría para las frutas y verduras."),
 (8,"Lácteos","Categoría para los productos lácteos."),
 (9,"Pescados y Mariscos","Categoría para los pescados y mariscos."),
 (10,"Pollo","Categoría para el pollo."),
 (11,"Postres","Categoría para los postres."),
 (12,"Refrescos","Categoría para los refrescos."),
 (13,"Salsas","Categoría para las salsas."),
 (14,"Vinos y Licores","Categoría para los vinos y licores.");
 
insert into unidadmedida (idUnidadMedida,medida,abreviatura,medidaEquivalente,factorConversion) values 
 (1,"Litro","LTS","Mililitros",0.001),
 (2,"Kilogramo","KGS","Gramos",0.001),
 (3,"Pieza","PZA","Pieza",1);
 
 ALTER TABLE producto
 MODIFY column nombre varchar(255);
 
 insert into producto (idProducto,nombre,estado,Categoria_idCategoria,UnidadMedida_idUnidadMedida) values 
 (006057,"ACEITE FREIDORA","vigente",1,1),
 (006045,"ADEREZO DE MAYONESA","vigente",1,1),
 (006083,"AGUA GARRAFÓN","vigente",1,1),
 (006076,"AJONJOLÍ","vigente",1,2),
 (006077,"AJONJOLÍ NEGRO","vigente",1,2),
 (006055,"AZÚCAR","vigente",1,2),
 (006102,"AZÚCAR GLASS","vigente",1,2),
 (006106,"CAFÉ MOLIDO TOSTADO","vigente",1,2),
 (006072,"CAFÉ NESCAFÉ","vigente",1,2),
 (006079,"CÁTSUP","vigente",1,2),
 (006090,"CEREZAS","vigente",1,2),
 (006088,"CHAMOY","vigente",1,1),
 (006036,"CHILE CHIPOTLE","vigente",1,2),
 (006084,"CHILE TAJÍN","vigente",1,2),
 (006082,"CHOCOLATE LÍQUIDO HERSHEY'S","vigente",1,1),
 (006092,"CLAMATO","vigente",1,1),
 (006089,"CONCENTRADO DE MANGO","vigente",1,1),
 (006064,"CREMA CHANTILLÍ","vigente",1,2),
 (006060,"CREMA DE COCO","vigente",1,1),
 (006070,"ELOTE EN GRANO","vigente",1,2),
 (006104,"ENDULZANTE SPLENDA SOBRE 1 G","vigente",1,3),
 (006035,"FRESA CONGELADA","vigente",1,2),
 (006050,"GOMITAS","vigente",1,2),
 (006075,"GRENETINA","vigente",1,2),
 (006078,"HARINA","vigente",1,2),
 (006037,"HUEVO","vigente",1,3),
 (006087,"JARABE CONCENTRADO DE TAMARINDO","vigente",1,1),
 (006061,"JARABE DE GRANADINA","vigente",1,1),
 (006059,"JARABE DE MORAS","vigente",1,1),
 (006042,"JARABE NATURAL","vigente",1,1),
 (006062,"JUGO DE TORONJA","vigente",1,1),
 (006038,"JUGO LIMÓN CONGELADO","vigente",1,1),
 (006039,"JUGO MAGGI","vigente",1,1),
 (006067,"JUGO NARANJA","vigente",1,1),
 (006068,"JUGO NARANJA NATURAL","vigente",1,1),
 (003005,"JUGO PARA CARNE","vigente",1,3),
 (006040,"JUGO PIÑA","vigente",1,1),
 (006085,"KERMATO","vigente",1,1),
 (006034,"LECHE CARNATION","vigente",1,1),
 (006101,"ORÉGANO","vigente",1,2),
 (006069,"PAN BOLLO","vigente",1,3),
 (006046,"PIMIENTA LIMÓN","vigente",1,2),
 (006100,"PIMIENTA NEGRA","vigente",1,2),
 (006074,"RICO POLLO","vigente",1,2),
 (006063,"SAL","vigente",1,2),
 (006047,"SALSA BBQ","vigente",1,1),
 (006044,"SALSA INGLESA","vigente",1,1),
 (006049,"SALSA MANGO HABANERO","vigente",1,2),
 (006105,"SWEET SPICY","vigente",1,1),
 (006056,"TÉ HELADO KLAS","vigente",1,2),
 (006033,"VINAGRE BLANCO","vigente",1,1),
 (006107,"VINAGRE DE ARROZ","vigente",1,1),
 (006065,"VINO TINTO","vigente",1,1),
 (006086,"VINO TINTO CUATRO SOLES","vigente",1,1),
 (006066,"VINO BLANCO","vigente",1,1),

 (006048,"ALGA DE SOYA","vigente",2,3),
 (006026,"ALGA NORI","vigente",2,3),
 (006022,"ARROZ KOKUHO","vigente",2,2),
 (006054,"CALPIS SUI","vigente",2,3),
 (006043,"EDAMAMES","vigente",2,2),
 (001008,"EDAMAMES CON VAINA","vigente",2,2),
 (006073,"EDAMAMES SIN VAINA","vigente",2,2),
 (006029,"FURIKAKE","vigente",2,2),
 (006027,"HUEVA DE PESCADO","vigente",2,2),
 (006041,"KANIKAMA","vigente",2,2),
 (006071,"KIKKOMAN SALSA DE SOYA BOTE 18.9 LT","vigente",2,1),
 (001010,"MASAGO HUEVA DE PEZ","vigente",2,2),
 (006053,"OHASHI","vigente",2,3),
 (006031,"PANKO","vigente",2,2),
 (006052,"PASTA NOODLE HOUSE FIDEO DELGADO","vigente",2,2),
 (006028,"PASTA PARA TOM YUM","vigente",2,2),
 (006081,"PASTA RAMEN","vigente",2,2),
 (006058,"PASTA UDON","vigente",2,2),
 (006024,"RAMEN","vigente",2,2),
 (006021,"SALSA SRIRACHA","vigente",2,1),
 (006030,"SALSA DE ANGUILA","vigente",2,1),
 (006091,"SALSA DE OSTIÓN","vigente",2,2),
 (006032,"SALSA DE SOYA NATURAL","vigente",2,1),
 (006080,"SHICHIMI","vigente",2,2),
 (006023,"TÉMPURA","vigente",2,2),
 (006025,"WONTON","vigente",2,2),

 (006093,"ADEREZO CEBOLLÍN","vigente",3,1),
 (006094,"ADEREZO CHIPOTLE","vigente",3,1),
 (006095,"ADEREZO SRIRACHA","vigente",3,1),
 (006097,"TAMPIKO","vigente",3,2),
 (014005,"VINAGRE MK","vigente",3,1),

 (003006,"BISTEC DE RES","vigente",4,2),
 (003004,"COCHINITA","vigente",4,2),
 (003001,"SIRLOIN","vigente",4,2),
 (003002,"TOCINO AHUMADO DE CERDO","vigente",4,2),

 (012007,"AMSTEL ULTRA","vigente",5,3),
 (012002,"BOHEMIA CLARA","vigente",5,3),
 (012001,"BOHEMIA OSCURA","vigente",5,3),
 (012008,"CARTA BLANCA","vigente",5,3),
 (012003,"HEINEKEN","vigente",5,3),
 (012011,"HIGH LIFE","vigente",5,3),
 (012006,"INDIO","vigente",5,3),
 (012010,"TECATE","vigente",5,3),
 (012009,"TECATE LIGHT","vigente",5,3),
 (012004,"XX ÁMBAR","vigente",5,3),
 (012005,"XX LAGER","vigente",5,3),

 (009004,"ENSALADA ITALIANA","vigente",6,2),
 (009002,"FRUTOS ROJOS","vigente",6,2),
 (009001,"HELADO VAINILLA","vigente",6,2),
 (009003,"MANGO","vigente",6,2),
 (006002,"AGUACATE","vigente",7,2),
 (002022,"AJO","vigente",7,2),
 (002028,"APIO","vigente",7,3),
 (006009,"BERENJENA","vigente",7,2),
 (002001,"BRÓCOLI","vigente",7,2),
 (006004,"CALABAZA","vigente",7,2),
 (006015,"CEBOLLA","vigente",7,2),
 (006005,"CEBOLLA CAMBRAY","vigente",7,2),
 (002025,"CEBOLLA MORADA","vigente",7,2),
 (006006,"CHAMPIÑÓN","vigente",7,2),
 (006020,"CHILE HABANERO","vigente",7,2),
 (006019,"CHILE JALAPEÑO","vigente",7,2),
 (002026,"CHILE MORRÓN","vigente",7,2),
 (002032,"CHILE POBLANO","vigente",7,2),
 (002024,"CHILE SERRANO","vigente",7,2),
 (006014,"CHILE HÚNGARO","vigente",7,2),
 (002035,"CILANTRO","vigente",7,3),
 (002027,"COL MORADA","vigente",7,3),
 (006001,"COLIFLOR","vigente",7,2),
 (002029,"FRESA","vigente",7,2),
 (002034,"HIERBABUENA","vigente",7,3),
 (006010,"JENGIBRE","vigente",7,2),
 (002030,"JITOMATE","vigente",7,2),
 (006103,"JUGO DE LIMÓN","vigente",7,1),
 (002037,"JUGO DE NARANJA","vigente",7,1),
 (006012,"KIWI","vigente",7,2),
 (006017,"LECHUGA ITALIANA","vigente",7,3),
 (006018,"LECHUGA SANGRÍA","vigente",7,3),
 (006008,"LIMÓN","vigente",7,2),
 (006011,"LIMÓN S/S","vigente",7,2),
 (002023,"MANGO PETACÓN","vigente",7,2),
 (002031,"MANZANA","vigente",7,2),
 (006013,"NARANJA","vigente",7,2),
 (006003,"PEPINO","vigente",7,2),
 (002033,"PIÑA MIEL","vigente",7,2),
 (006016,"PLÁTANO MACHO","vigente",7,2),
 (006007,"ZANAHORIA","vigente",7,2),

 (005005,"MARGARINA","vigente",8,2),
 (005004,"QUESO MANCHEGO (GOUDA ALEMÁN)","vigente",8,2),
 (005002,"QUESO CHIHUAHUA CHILCHOTA","vigente",8,2),
 (005001,"QUESO PHILADELPHIA","vigente",8,2),
 (005003,"QUESO VEGANO","vigente",8,2),

 (001004,"AROS DE CALAMAR","vigente",9,2),
 (001003,"CALLO DE HACHA MEDIA LUNA","vigente",9,2),
 (001009,"CAMARÓN 26-30","vigente",9,2),
 (001001,"CAMARÓN 41/50","vigente",9,2),
 (001002,"PULPO COCIDO","vigente",9,2),
 (001011,"SALMÓN","vigente",9,2),
 (001005,"SALMÓN AHUMADO","vigente",9,2),
 (001007,"STEAK DE ATÚN NACIONAL","vigente",9,2),
 (001006,"SURIMI AQUAMAR","vigente",9,2),

 (003003,"PECHUGA DE POLLO MEDIA MARIPOSA","vigente",10,2),

 (010001,"BROWNIE","vigente",11,3),

 (007004,"AGUA CIEL 600 ML","vigente",12,3),
 (007002,"AGUA MINERAL PEÑAFIEL 2 LT","vigente",12,3),
 (007013,"AGUA QUINA","vigente",12,1),
 (007011,"AGUA QUINA PEÑAFIEL","vigente",12,3),
 (007010,"AGUA QUINA SCHWEPPES","vigente",12,3),
 (007003,"CIEL MINERAL","vigente",12,3),
 (007001,"COCA","vigente",12,3),
 (007007,"COCA LIGHT","vigente",12,3),
 (007005,"COCA SIN AZÚCAR","vigente",12,3),
 (007008,"FRESCA","vigente",12,3),
 (007006,"SIDRAL","vigente",12,3),
 (007012,"SIDRAL PET","vigente",12,3),
 (007009,"SPRITE","vigente",12,3),

 (008007,"CHILES TOREADOS","vigente",13,2),
 (006096,"PONZU","vigente",13,1),
 (006098,"SALSA AGUACHILE MANGO HABANERO","vigente",13,3),
 (008001,"SALSA DE AGUACHILE","vigente",13,3),
 (008008,"SALSA DE FRESA","vigente",13,1),
 (006099,"SALSA DE XNIPEC","vigente",13,3),
 (008003,"SALSA YAKISOBA","vigente",13,3),
 (008004,"VINAGRETA SUNOMONO","vigente",13,3),

 (011009,"BACARDÍ BLANCO 1.750 LT","vigente",14,1),
 (011002,"BACARDÍ BLANCO 700 ML","vigente",14,1),
 (011006,"CARLO ROSSI TINTO GARRAFA 4 LT","vigente",14,1),
 (011003,"CONTROY 1 LT","vigente",14,1),
 (011007,"GINEBRA LONDON DRY","vigente",14,1),
 (011005,"GINEBRA OSO NEGRO 1 LT","vigente",14,1),
 (011001,"LICOR 43 750 ML","vigente",14,1),
 (011008,"ROMPOPE LA HOLANDESA","vigente",14,1),
 (011011,"TEQUILA CAZADORES","vigente",14,1),
 (011004,"TEQUILA DESTILADO 1.5 LT","vigente",14,1),
 (011010,"VINO TINTO DON SIMÓN 5 LT","vigente",14,1);
